index,value,label,truth,doLabel,anomaly
1,713.0434783,713.0434783,713.0434783,FALSE,0
2,713.0434783,713.0434783,713.0434783,FALSE,0
3,704.3478261,704.3478261,704.3478261,FALSE,0
4,704.3478261,704.3478261,704.3478261,FALSE,0
5,704.3478261,704.3478261,704.3478261,FALSE,0
6,695.6521739,695.6521739,695.6521739,FALSE,0
7,695.6521739,695.6521739,695.6521739,FALSE,0
8,695.6521739,695.6521739,695.6521739,FALSE,0
9,695.6521739,695.6521739,695.6521739,FALSE,0
10,686.9565217,686.9565217,686.9565217,FALSE,0
11,686.9565217,686.9565217,686.9565217,FALSE,0
12,686.9565217,686.9565217,686.9565217,FALSE,0
13,686.9565217,686.9565217,686.9565217,FALSE,0
14,686.9565217,686.9565217,686.9565217,FALSE,0
15,678.2608696,678.2608696,678.2608696,FALSE,0
16,678.2608696,678.2608696,678.2608696,FALSE,0
17,678.2608696,678.2608696,678.2608696,FALSE,0
18,669.5652174,669.5652174,669.5652174,FALSE,0
19,669.5652174,669.5652174,669.5652174,FALSE,0
20,669.5652174,669.5652174,669.5652174,FALSE,0
21,678.2608696,678.2608696,678.2608696,FALSE,0
22,669.5652174,669.5652174,669.5652174,FALSE,0
23,678.2608696,678.2608696,678.2608696,FALSE,0
24,660.8695652,660.8695652,660.8695652,FALSE,0
25,660.8695652,660.8695652,660.8695652,FALSE,0
26,660.8695652,660.8695652,660.8695652,FALSE,0
27,660.8695652,660.8695652,660.8695652,FALSE,0
28,652.173913,652.173913,652.173913,FALSE,0
29,652.173913,652.173913,652.173913,FALSE,0
30,652.173913,652.173913,652.173913,FALSE,0
31,643.4782609,643.4782609,643.4782609,FALSE,0
32,643.4782609,643.4782609,643.4782609,FALSE,0
33,643.4782609,643.4782609,643.4782609,FALSE,0
34,643.4782609,643.4782609,643.4782609,FALSE,0
35,643.4782609,643.4782609,643.4782609,FALSE,0
36,652.173913,652.173913,652.173913,FALSE,0
37,643.4782609,643.4782609,643.4782609,FALSE,0
38,643.4782609,643.4782609,643.4782609,FALSE,0
39,643.4782609,643.4782609,643.4782609,FALSE,0
40,643.4782609,643.4782609,643.4782609,FALSE,0
41,643.4782609,643.4782609,643.4782609,FALSE,0
42,643.4782609,643.4782609,643.4782609,FALSE,0
43,634.7826087,634.7826087,634.7826087,FALSE,0
44,634.7826087,634.7826087,634.7826087,FALSE,0
45,634.7826087,634.7826087,634.7826087,FALSE,0
46,634.7826087,634.7826087,634.7826087,FALSE,0
47,634.7826087,634.7826087,634.7826087,FALSE,0
48,626.0869565,626.0869565,626.0869565,FALSE,0
49,626.0869565,626.0869565,626.0869565,FALSE,0
50,626.0869565,626.0869565,626.0869565,FALSE,0
51,617.3913043,617.3913043,617.3913043,FALSE,0
52,626.0869565,626.0869565,626.0869565,FALSE,0
53,617.3913043,617.3913043,617.3913043,FALSE,0
54,617.3913043,617.3913043,617.3913043,FALSE,0
55,617.3913043,617.3913043,617.3913043,FALSE,0
56,617.3913043,617.3913043,617.3913043,FALSE,0
57,617.3913043,617.3913043,617.3913043,FALSE,0
58,617.3913043,617.3913043,617.3913043,FALSE,0
59,617.3913043,617.3913043,617.3913043,FALSE,0
60,617.3913043,617.3913043,617.3913043,FALSE,0
61,617.3913043,617.3913043,617.3913043,FALSE,0
62,617.3913043,617.3913043,617.3913043,FALSE,0
63,617.3913043,617.3913043,617.3913043,FALSE,0
64,617.3913043,617.3913043,617.3913043,FALSE,0
65,608.6956522,608.6956522,608.6956522,FALSE,0
66,608.6956522,608.6956522,608.6956522,FALSE,0
67,608.6956522,608.6956522,608.6956522,FALSE,0
68,608.6956522,608.6956522,608.6956522,FALSE,0
69,608.6956522,608.6956522,608.6956522,FALSE,0
70,617.3913043,617.3913043,617.3913043,FALSE,0
71,600,600,600,FALSE,0
72,600,600,600,FALSE,0
73,608.6956522,608.6956522,608.6956522,FALSE,0
74,591.3043478,591.3043478,591.3043478,FALSE,0
75,591.3043478,591.3043478,591.3043478,FALSE,0
76,591.3043478,591.3043478,591.3043478,FALSE,0
77,591.3043478,591.3043478,591.3043478,FALSE,0
78,591.3043478,591.3043478,591.3043478,FALSE,0
79,591.3043478,591.3043478,591.3043478,FALSE,0
80,591.3043478,591.3043478,591.3043478,FALSE,0
81,591.3043478,591.3043478,591.3043478,FALSE,0
82,591.3043478,591.3043478,591.3043478,FALSE,0
83,600,600,600,FALSE,0
84,591.3043478,591.3043478,591.3043478,FALSE,0
85,591.3043478,591.3043478,591.3043478,FALSE,0
86,591.3043478,591.3043478,591.3043478,FALSE,0
87,582.6086957,582.6086957,582.6086957,FALSE,0
88,582.6086957,582.6086957,582.6086957,FALSE,0
89,582.6086957,582.6086957,582.6086957,FALSE,0
90,582.6086957,582.6086957,582.6086957,FALSE,0
91,573.9130435,573.9130435,573.9130435,FALSE,0
92,573.9130435,573.9130435,573.9130435,FALSE,0
93,573.9130435,573.9130435,573.9130435,FALSE,0
94,573.9130435,573.9130435,573.9130435,FALSE,0
95,565.2173913,565.2173913,565.2173913,FALSE,0
96,565.2173913,565.2173913,565.2173913,FALSE,0
97,565.2173913,565.2173913,565.2173913,FALSE,0
98,565.2173913,565.2173913,565.2173913,FALSE,0
99,565.2173913,565.2173913,565.2173913,FALSE,0
100,556.5217391,556.5217391,556.5217391,FALSE,0
101,556.5217391,556.5217391,556.5217391,FALSE,0
102,556.5217391,556.5217391,556.5217391,FALSE,0
103,556.5217391,556.5217391,556.5217391,FALSE,0
104,556.5217391,556.5217391,556.5217391,FALSE,0
105,556.5217391,556.5217391,556.5217391,FALSE,0
106,556.5217391,556.5217391,556.5217391,FALSE,0
107,556.5217391,556.5217391,556.5217391,FALSE,0
108,556.5217391,556.5217391,556.5217391,FALSE,0
109,547.826087,547.826087,547.826087,FALSE,0
110,547.826087,547.826087,547.826087,FALSE,0
111,547.826087,547.826087,547.826087,FALSE,0
112,547.826087,547.826087,547.826087,FALSE,0
113,565.2173913,565.2173913,565.2173913,FALSE,0
114,556.5217391,556.5217391,556.5217391,FALSE,0
115,556.5217391,556.5217391,556.5217391,FALSE,0
116,556.5217391,556.5217391,556.5217391,FALSE,0
117,547.826087,547.826087,547.826087,FALSE,0
118,547.826087,547.826087,547.826087,FALSE,0
119,556.5217391,556.5217391,556.5217391,FALSE,0
120,547.826087,547.826087,547.826087,FALSE,0
121,547.826087,547.826087,547.826087,FALSE,0
122,547.826087,547.826087,547.826087,FALSE,0
123,556.5217391,556.5217391,556.5217391,FALSE,0
124,547.826087,547.826087,547.826087,FALSE,0
125,547.826087,547.826087,547.826087,FALSE,0
126,547.826087,547.826087,547.826087,FALSE,0
127,547.826087,547.826087,547.826087,FALSE,0
128,547.826087,547.826087,547.826087,FALSE,0
129,547.826087,547.826087,547.826087,FALSE,0
130,547.826087,547.826087,547.826087,FALSE,0
131,547.826087,547.826087,547.826087,FALSE,0
132,547.826087,547.826087,547.826087,FALSE,0
133,556.5217391,556.5217391,556.5217391,FALSE,0
134,556.5217391,556.5217391,556.5217391,FALSE,0
135,556.5217391,556.5217391,556.5217391,FALSE,0
136,556.5217391,556.5217391,556.5217391,FALSE,0
137,556.5217391,556.5217391,556.5217391,FALSE,0
138,556.5217391,556.5217391,556.5217391,FALSE,0
139,556.5217391,556.5217391,556.5217391,FALSE,0
140,556.5217391,556.5217391,556.5217391,FALSE,0
141,547.826087,547.826087,547.826087,FALSE,0
142,556.5217391,556.5217391,556.5217391,FALSE,0
143,547.826087,547.826087,547.826087,FALSE,0
144,547.826087,547.826087,547.826087,FALSE,0
145,547.826087,547.826087,547.826087,FALSE,0
146,547.826087,547.826087,547.826087,FALSE,0
147,547.826087,547.826087,547.826087,FALSE,0
148,547.826087,547.826087,547.826087,FALSE,0
149,547.826087,547.826087,547.826087,FALSE,0
150,547.826087,547.826087,547.826087,FALSE,0
151,547.826087,547.826087,547.826087,FALSE,0
152,547.826087,547.826087,547.826087,FALSE,0
153,565.2173913,565.2173913,565.2173913,FALSE,0
154,556.5217391,556.5217391,556.5217391,FALSE,0
155,556.5217391,556.5217391,556.5217391,FALSE,0
156,556.5217391,556.5217391,556.5217391,FALSE,0
157,565.2173913,565.2173913,565.2173913,FALSE,0
158,556.5217391,556.5217391,556.5217391,FALSE,0
159,556.5217391,556.5217391,556.5217391,FALSE,0
160,556.5217391,556.5217391,556.5217391,FALSE,0
161,556.5217391,556.5217391,556.5217391,FALSE,0
162,556.5217391,556.5217391,556.5217391,FALSE,0
163,547.826087,547.826087,547.826087,FALSE,0
164,547.826087,547.826087,547.826087,FALSE,0
165,547.826087,547.826087,547.826087,FALSE,0
166,556.5217391,556.5217391,556.5217391,FALSE,0
167,556.5217391,556.5217391,556.5217391,FALSE,0
168,547.826087,547.826087,547.826087,FALSE,0
169,547.826087,547.826087,547.826087,FALSE,0
170,547.826087,547.826087,547.826087,FALSE,0
171,547.826087,547.826087,547.826087,FALSE,0
172,547.826087,547.826087,547.826087,FALSE,0
173,547.826087,547.826087,547.826087,FALSE,0
174,547.826087,547.826087,547.826087,FALSE,0
175,547.826087,547.826087,547.826087,FALSE,0
176,547.826087,547.826087,547.826087,FALSE,0
177,547.826087,547.826087,547.826087,FALSE,0
178,547.826087,547.826087,547.826087,FALSE,0
179,539.1304348,539.1304348,539.1304348,FALSE,0
180,539.1304348,539.1304348,539.1304348,FALSE,0
181,539.1304348,539.1304348,539.1304348,FALSE,0
182,539.1304348,539.1304348,539.1304348,FALSE,0
183,530.4347826,530.4347826,530.4347826,FALSE,0
184,530.4347826,530.4347826,530.4347826,FALSE,0
185,530.4347826,530.4347826,530.4347826,FALSE,0
186,530.4347826,530.4347826,530.4347826,FALSE,0
187,530.4347826,530.4347826,530.4347826,FALSE,0
188,539.1304348,539.1304348,539.1304348,FALSE,0
189,530.4347826,530.4347826,530.4347826,FALSE,0
190,530.4347826,530.4347826,530.4347826,FALSE,0
191,530.4347826,530.4347826,530.4347826,FALSE,0
192,530.4347826,530.4347826,530.4347826,FALSE,0
193,530.4347826,530.4347826,530.4347826,FALSE,0
194,530.4347826,530.4347826,530.4347826,FALSE,0
195,521.7391304,521.7391304,521.7391304,FALSE,0
196,521.7391304,521.7391304,521.7391304,FALSE,0
197,521.7391304,521.7391304,521.7391304,FALSE,0
198,530.4347826,530.4347826,530.4347826,FALSE,0
199,521.7391304,521.7391304,521.7391304,FALSE,0
200,521.7391304,521.7391304,521.7391304,FALSE,0
201,521.7391304,521.7391304,521.7391304,FALSE,0
202,513.0434783,513.0434783,513.0434783,FALSE,0
203,513.0434783,513.0434783,513.0434783,FALSE,0
204,513.0434783,513.0434783,513.0434783,FALSE,0
205,513.0434783,513.0434783,513.0434783,FALSE,0
206,504.3478261,504.3478261,504.3478261,FALSE,0
207,504.3478261,504.3478261,504.3478261,FALSE,0
208,504.3478261,504.3478261,504.3478261,FALSE,0
209,504.3478261,504.3478261,504.3478261,FALSE,0
210,504.3478261,504.3478261,504.3478261,FALSE,0
211,504.3478261,504.3478261,504.3478261,FALSE,0
212,513.0434783,513.0434783,513.0434783,FALSE,0
213,495.6521739,495.6521739,495.6521739,FALSE,0
214,495.6521739,495.6521739,495.6521739,FALSE,0
215,495.6521739,495.6521739,495.6521739,FALSE,0
216,495.6521739,495.6521739,495.6521739,FALSE,0
217,495.6521739,495.6521739,495.6521739,FALSE,0
218,495.6521739,495.6521739,495.6521739,FALSE,0
219,495.6521739,495.6521739,495.6521739,FALSE,0
220,495.6521739,495.6521739,495.6521739,FALSE,0
221,504.3478261,504.3478261,504.3478261,FALSE,0
222,495.6521739,495.6521739,495.6521739,FALSE,0
223,495.6521739,495.6521739,495.6521739,FALSE,0
224,495.6521739,495.6521739,495.6521739,FALSE,0
225,486.9565217,486.9565217,486.9565217,FALSE,0
226,486.9565217,486.9565217,486.9565217,FALSE,0
227,486.9565217,486.9565217,486.9565217,FALSE,0
228,486.9565217,486.9565217,486.9565217,FALSE,0
229,478.2608696,478.2608696,478.2608696,FALSE,0
230,478.2608696,478.2608696,478.2608696,FALSE,0
231,478.2608696,478.2608696,478.2608696,FALSE,0
232,486.9565217,486.9565217,486.9565217,FALSE,0
233,478.2608696,478.2608696,478.2608696,FALSE,0
234,478.2608696,478.2608696,478.2608696,FALSE,0
235,478.2608696,478.2608696,478.2608696,FALSE,0
236,469.5652174,469.5652174,469.5652174,FALSE,0
237,469.5652174,469.5652174,469.5652174,FALSE,0
238,469.5652174,469.5652174,469.5652174,FALSE,0
239,469.5652174,469.5652174,469.5652174,FALSE,0
240,469.5652174,469.5652174,469.5652174,FALSE,0
241,469.5652174,469.5652174,469.5652174,FALSE,0
242,469.5652174,469.5652174,469.5652174,FALSE,0
243,469.5652174,469.5652174,469.5652174,FALSE,0
244,478.2608696,478.2608696,478.2608696,FALSE,0
245,460.8695652,460.8695652,460.8695652,FALSE,0
246,460.8695652,460.8695652,460.8695652,FALSE,0
247,460.8695652,460.8695652,460.8695652,FALSE,0
248,460.8695652,460.8695652,460.8695652,FALSE,0
249,452.173913,452.173913,452.173913,FALSE,0
250,452.173913,452.173913,452.173913,FALSE,0
251,452.173913,452.173913,452.173913,FALSE,0
252,443.4782609,443.4782609,443.4782609,FALSE,0
253,434.7826087,434.7826087,434.7826087,FALSE,0
254,434.7826087,434.7826087,434.7826087,FALSE,0
255,434.7826087,434.7826087,434.7826087,FALSE,0
256,434.7826087,434.7826087,434.7826087,FALSE,0
257,434.7826087,434.7826087,434.7826087,FALSE,0
258,434.7826087,434.7826087,434.7826087,FALSE,0
259,434.7826087,434.7826087,434.7826087,FALSE,0
260,426.0869565,426.0869565,426.0869565,FALSE,0
261,426.0869565,426.0869565,426.0869565,FALSE,0
262,426.0869565,426.0869565,426.0869565,FALSE,0
263,426.0869565,426.0869565,426.0869565,FALSE,0
264,426.0869565,426.0869565,426.0869565,FALSE,0
265,426.0869565,426.0869565,426.0869565,FALSE,0
266,434.7826087,434.7826087,434.7826087,FALSE,0
267,434.7826087,434.7826087,434.7826087,FALSE,0
268,426.0869565,426.0869565,426.0869565,FALSE,0
269,417.3913043,417.3913043,417.3913043,FALSE,0
270,417.3913043,417.3913043,417.3913043,FALSE,0
271,417.3913043,417.3913043,417.3913043,FALSE,0
272,408.6956522,408.6956522,408.6956522,FALSE,0
273,408.6956522,408.6956522,408.6956522,FALSE,0
274,408.6956522,408.6956522,408.6956522,FALSE,0
275,400,400,400,FALSE,0
276,400,400,400,FALSE,0
277,400,400,400,FALSE,0
278,400,400,400,FALSE,0
279,400,400,400,FALSE,0
280,400,400,400,FALSE,0
281,400,400,400,FALSE,0
282,400,400,400,FALSE,0
283,400,400,400,FALSE,0
284,400,400,400,FALSE,0
285,400,400,400,FALSE,0
286,400,400,400,FALSE,0
287,400,400,400,FALSE,0
288,400,400,400,FALSE,0
289,391.3043478,391.3043478,391.3043478,FALSE,0
290,391.3043478,391.3043478,391.3043478,FALSE,0
291,391.3043478,391.3043478,391.3043478,FALSE,0
292,391.3043478,391.3043478,391.3043478,FALSE,0
293,382.6086957,382.6086957,382.6086957,FALSE,0
294,382.6086957,382.6086957,382.6086957,FALSE,0
295,391.3043478,391.3043478,391.3043478,FALSE,0
296,373.9130435,373.9130435,373.9130435,FALSE,0
297,373.9130435,373.9130435,373.9130435,FALSE,0
298,373.9130435,373.9130435,373.9130435,FALSE,0
299,373.9130435,373.9130435,373.9130435,FALSE,0
300,373.9130435,373.9130435,373.9130435,FALSE,0
301,373.9130435,373.9130435,373.9130435,FALSE,0
302,382.6086957,382.6086957,382.6086957,FALSE,0
303,373.9130435,373.9130435,373.9130435,FALSE,0
304,382.6086957,382.6086957,382.6086957,FALSE,0
305,373.9130435,373.9130435,373.9130435,FALSE,0
306,373.9130435,373.9130435,373.9130435,FALSE,0
307,373.9130435,373.9130435,373.9130435,FALSE,0
308,382.6086957,382.6086957,382.6086957,FALSE,0
309,373.9130435,373.9130435,373.9130435,FALSE,0
310,365.2173913,365.2173913,365.2173913,FALSE,0
311,365.2173913,365.2173913,365.2173913,FALSE,0
312,365.2173913,365.2173913,365.2173913,FALSE,0
313,365.2173913,365.2173913,365.2173913,FALSE,0
314,356.5217391,356.5217391,356.5217391,FALSE,0
315,356.5217391,356.5217391,356.5217391,FALSE,0
316,365.2173913,365.2173913,365.2173913,FALSE,0
317,347.826087,347.826087,347.826087,FALSE,0
318,347.826087,347.826087,347.826087,FALSE,0
319,347.826087,347.826087,347.826087,FALSE,0
320,347.826087,347.826087,347.826087,FALSE,0
321,347.826087,347.826087,347.826087,FALSE,0
322,339.1304348,339.1304348,339.1304348,FALSE,0
323,339.1304348,339.1304348,339.1304348,FALSE,0
324,347.826087,347.826087,347.826087,FALSE,0
325,339.1304348,339.1304348,339.1304348,FALSE,0
326,347.826087,347.826087,347.826087,FALSE,0
327,339.1304348,339.1304348,339.1304348,FALSE,0
328,339.1304348,339.1304348,339.1304348,FALSE,0
329,339.1304348,339.1304348,339.1304348,FALSE,0
330,339.1304348,339.1304348,339.1304348,FALSE,0
331,339.1304348,339.1304348,339.1304348,FALSE,0
332,330.4347826,330.4347826,330.4347826,FALSE,0
333,330.4347826,330.4347826,330.4347826,FALSE,0
334,330.4347826,330.4347826,330.4347826,FALSE,0
335,321.7391304,321.7391304,321.7391304,FALSE,0
336,321.7391304,321.7391304,321.7391304,FALSE,0
337,321.7391304,321.7391304,321.7391304,FALSE,0
338,313.0434783,313.0434783,313.0434783,FALSE,0
339,313.0434783,313.0434783,313.0434783,FALSE,0
340,313.0434783,313.0434783,313.0434783,FALSE,0
341,313.0434783,313.0434783,313.0434783,FALSE,0
342,313.0434783,313.0434783,313.0434783,FALSE,0
343,313.0434783,313.0434783,313.0434783,FALSE,0
344,313.0434783,313.0434783,313.0434783,FALSE,0
345,313.0434783,313.0434783,313.0434783,FALSE,0
346,313.0434783,313.0434783,313.0434783,FALSE,0
347,313.0434783,313.0434783,313.0434783,FALSE,0
348,321.7391304,321.7391304,321.7391304,FALSE,0
349,321.7391304,321.7391304,321.7391304,FALSE,0
350,313.0434783,313.0434783,313.0434783,FALSE,0
351,878.2608696,878.2608696,878.2608696,FALSE,0
352,860.8695652,860.8695652,860.8695652,FALSE,0
353,886.9565217,886.9565217,886.9565217,FALSE,0
354,886.9565217,886.9565217,886.9565217,FALSE,0
355,878.2608696,878.2608696,878.2608696,FALSE,0
356,895.6521739,895.6521739,895.6521739,FALSE,0
357,852.173913,852.173913,852.173913,FALSE,0
358,913.0434783,913.0434783,913.0434783,FALSE,0
359,869.5652174,869.5652174,869.5652174,FALSE,0
360,913.0434783,913.0434783,913.0434783,FALSE,0
361,913.0434783,913.0434783,913.0434783,FALSE,0
362,904.3478261,904.3478261,904.3478261,FALSE,0
363,843.4782609,843.4782609,843.4782609,FALSE,0
364,886.9565217,886.9565217,886.9565217,FALSE,0
365,904.3478261,904.3478261,904.3478261,FALSE,0
366,904.3478261,904.3478261,904.3478261,FALSE,0
367,904.3478261,904.3478261,904.3478261,FALSE,0
368,904.3478261,904.3478261,904.3478261,FALSE,0
369,904.3478261,904.3478261,904.3478261,FALSE,0
370,904.3478261,904.3478261,904.3478261,FALSE,0
371,904.3478261,904.3478261,904.3478261,FALSE,0
372,895.6521739,895.6521739,895.6521739,FALSE,0
373,904.3478261,904.3478261,904.3478261,FALSE,0
374,904.3478261,904.3478261,904.3478261,FALSE,0
375,904.3478261,904.3478261,904.3478261,FALSE,0
376,904.3478261,904.3478261,904.3478261,FALSE,0
377,904.3478261,904.3478261,904.3478261,FALSE,0
378,904.3478261,904.3478261,904.3478261,FALSE,0
379,904.3478261,904.3478261,904.3478261,FALSE,0
380,904.3478261,904.3478261,904.3478261,FALSE,0
381,904.3478261,904.3478261,904.3478261,FALSE,0
382,904.3478261,904.3478261,904.3478261,FALSE,0
383,904.3478261,904.3478261,904.3478261,FALSE,0
384,904.3478261,904.3478261,904.3478261,FALSE,0
385,895.6521739,895.6521739,895.6521739,FALSE,0
386,869.5652174,869.5652174,869.5652174,FALSE,0
387,869.5652174,869.5652174,869.5652174,FALSE,0
388,886.9565217,886.9565217,886.9565217,FALSE,0
389,904.3478261,904.3478261,904.3478261,FALSE,0
390,904.3478261,904.3478261,904.3478261,FALSE,0
391,904.3478261,904.3478261,904.3478261,FALSE,0
392,904.3478261,904.3478261,904.3478261,FALSE,0
393,904.3478261,904.3478261,904.3478261,FALSE,0
394,904.3478261,904.3478261,904.3478261,FALSE,0
395,869.5652174,869.5652174,869.5652174,FALSE,0
396,904.3478261,904.3478261,904.3478261,FALSE,0
397,904.3478261,904.3478261,904.3478261,FALSE,0
398,904.3478261,904.3478261,904.3478261,FALSE,0
399,904.3478261,904.3478261,904.3478261,FALSE,0
400,904.3478261,904.3478261,904.3478261,FALSE,0
401,904.3478261,904.3478261,904.3478261,FALSE,0
402,904.3478261,904.3478261,904.3478261,FALSE,0
403,904.3478261,904.3478261,904.3478261,FALSE,0
404,904.3478261,904.3478261,904.3478261,FALSE,0
405,904.3478261,904.3478261,904.3478261,FALSE,0
406,904.3478261,904.3478261,904.3478261,FALSE,0
407,904.3478261,904.3478261,904.3478261,FALSE,0
408,904.3478261,904.3478261,904.3478261,FALSE,0
409,904.3478261,904.3478261,904.3478261,FALSE,0
410,904.3478261,904.3478261,904.3478261,FALSE,0
411,904.3478261,904.3478261,904.3478261,FALSE,0
412,904.3478261,904.3478261,904.3478261,FALSE,0
413,904.3478261,904.3478261,904.3478261,FALSE,0
414,878.2608696,878.2608696,878.2608696,FALSE,0
415,860.8695652,860.8695652,860.8695652,FALSE,0
416,895.6521739,895.6521739,895.6521739,FALSE,0
417,904.3478261,904.3478261,904.3478261,FALSE,0
418,904.3478261,904.3478261,904.3478261,FALSE,0
419,904.3478261,904.3478261,904.3478261,FALSE,0
420,904.3478261,904.3478261,904.3478261,FALSE,0
421,904.3478261,904.3478261,904.3478261,FALSE,0
422,904.3478261,904.3478261,904.3478261,FALSE,0
423,904.3478261,904.3478261,904.3478261,FALSE,0
424,904.3478261,904.3478261,904.3478261,FALSE,0
425,886.9565217,886.9565217,886.9565217,FALSE,0
426,904.3478261,904.3478261,904.3478261,FALSE,0
427,904.3478261,904.3478261,904.3478261,FALSE,0
428,904.3478261,904.3478261,904.3478261,FALSE,0
429,904.3478261,904.3478261,904.3478261,FALSE,0
430,904.3478261,904.3478261,904.3478261,FALSE,0
431,886.9565217,886.9565217,886.9565217,FALSE,0
432,860.8695652,860.8695652,860.8695652,FALSE,0
433,878.2608696,878.2608696,878.2608696,FALSE,0
434,904.3478261,904.3478261,904.3478261,FALSE,0
435,895.6521739,895.6521739,895.6521739,FALSE,0
436,895.6521739,895.6521739,895.6521739,FALSE,0
437,878.2608696,878.2608696,878.2608696,FALSE,0
438,895.6521739,895.6521739,895.6521739,FALSE,0
439,904.3478261,904.3478261,904.3478261,FALSE,0
440,895.6521739,895.6521739,895.6521739,FALSE,0
441,895.6521739,895.6521739,895.6521739,FALSE,0
442,869.5652174,869.5652174,869.5652174,FALSE,0
443,886.9565217,886.9565217,886.9565217,FALSE,0
444,895.6521739,895.6521739,895.6521739,FALSE,0
445,895.6521739,895.6521739,895.6521739,FALSE,0
446,895.6521739,895.6521739,895.6521739,FALSE,0
447,886.9565217,886.9565217,886.9565217,FALSE,0
448,886.9565217,886.9565217,886.9565217,FALSE,0
449,886.9565217,886.9565217,886.9565217,FALSE,0
450,886.9565217,886.9565217,886.9565217,FALSE,0
451,886.9565217,886.9565217,886.9565217,FALSE,0
452,886.9565217,886.9565217,886.9565217,FALSE,0
453,886.9565217,886.9565217,886.9565217,FALSE,0
454,886.9565217,886.9565217,886.9565217,FALSE,0
455,886.9565217,886.9565217,886.9565217,FALSE,0
456,886.9565217,886.9565217,886.9565217,FALSE,0
457,886.9565217,886.9565217,886.9565217,FALSE,0
458,886.9565217,886.9565217,886.9565217,FALSE,0
459,886.9565217,886.9565217,886.9565217,FALSE,0
460,886.9565217,886.9565217,886.9565217,FALSE,0
461,886.9565217,886.9565217,886.9565217,FALSE,0
462,886.9565217,886.9565217,886.9565217,FALSE,0
463,886.9565217,886.9565217,886.9565217,FALSE,0
464,886.9565217,886.9565217,886.9565217,FALSE,0
465,886.9565217,886.9565217,886.9565217,FALSE,0
466,886.9565217,886.9565217,886.9565217,FALSE,0
467,886.9565217,886.9565217,886.9565217,FALSE,0
468,886.9565217,886.9565217,886.9565217,FALSE,0
469,886.9565217,886.9565217,886.9565217,FALSE,0
470,886.9565217,886.9565217,886.9565217,FALSE,0
471,878.2608696,878.2608696,878.2608696,FALSE,0
472,886.9565217,886.9565217,886.9565217,FALSE,0
473,886.9565217,886.9565217,886.9565217,FALSE,0
474,886.9565217,886.9565217,886.9565217,FALSE,0
475,886.9565217,886.9565217,886.9565217,FALSE,0
476,886.9565217,886.9565217,886.9565217,FALSE,0
477,886.9565217,886.9565217,886.9565217,FALSE,0
478,886.9565217,886.9565217,886.9565217,FALSE,0
479,886.9565217,886.9565217,886.9565217,FALSE,0
480,886.9565217,886.9565217,886.9565217,FALSE,0
481,886.9565217,886.9565217,886.9565217,FALSE,0
482,886.9565217,886.9565217,886.9565217,FALSE,0
483,886.9565217,886.9565217,886.9565217,FALSE,0
484,886.9565217,886.9565217,886.9565217,FALSE,0
485,886.9565217,886.9565217,886.9565217,FALSE,0
486,886.9565217,886.9565217,886.9565217,FALSE,0
487,886.9565217,886.9565217,886.9565217,FALSE,0
488,886.9565217,886.9565217,886.9565217,FALSE,0
489,886.9565217,886.9565217,886.9565217,FALSE,0
490,878.2608696,878.2608696,878.2608696,FALSE,0
491,886.9565217,886.9565217,886.9565217,FALSE,0
492,886.9565217,886.9565217,886.9565217,FALSE,0
493,886.9565217,886.9565217,886.9565217,FALSE,0
494,886.9565217,886.9565217,886.9565217,FALSE,0
495,886.9565217,886.9565217,886.9565217,FALSE,0
496,886.9565217,886.9565217,886.9565217,FALSE,0
497,886.9565217,886.9565217,886.9565217,FALSE,0
498,886.9565217,886.9565217,886.9565217,FALSE,0
499,886.9565217,886.9565217,886.9565217,FALSE,0
500,886.9565217,886.9565217,886.9565217,FALSE,0
501,886.9565217,886.9565217,886.9565217,FALSE,0
502,886.9565217,886.9565217,886.9565217,FALSE,0
503,886.9565217,886.9565217,886.9565217,FALSE,0
504,886.9565217,886.9565217,886.9565217,FALSE,0
505,886.9565217,886.9565217,886.9565217,FALSE,0
506,886.9565217,886.9565217,886.9565217,FALSE,0
507,886.9565217,886.9565217,886.9565217,FALSE,0
508,886.9565217,886.9565217,886.9565217,FALSE,0
509,886.9565217,886.9565217,886.9565217,FALSE,0
510,886.9565217,886.9565217,886.9565217,FALSE,0
511,886.9565217,886.9565217,886.9565217,FALSE,0
512,886.9565217,886.9565217,886.9565217,FALSE,0
513,886.9565217,886.9565217,886.9565217,FALSE,0
514,886.9565217,886.9565217,886.9565217,FALSE,0
515,886.9565217,886.9565217,886.9565217,FALSE,0
516,886.9565217,886.9565217,886.9565217,FALSE,0
517,886.9565217,886.9565217,886.9565217,FALSE,0
518,886.9565217,886.9565217,886.9565217,FALSE,0
519,886.9565217,886.9565217,886.9565217,FALSE,0
520,886.9565217,886.9565217,886.9565217,FALSE,0
521,895.6521739,895.6521739,895.6521739,FALSE,0
522,904.3478261,904.3478261,904.3478261,FALSE,0
523,886.9565217,886.9565217,886.9565217,FALSE,0
524,930.4347826,930.4347826,930.4347826,FALSE,0
525,921.7391304,921.7391304,921.7391304,FALSE,0
526,930.4347826,930.4347826,930.4347826,FALSE,0
527,930.4347826,930.4347826,930.4347826,FALSE,0
528,930.4347826,930.4347826,930.4347826,FALSE,0
529,930.4347826,930.4347826,930.4347826,FALSE,0
530,921.7391304,921.7391304,921.7391304,FALSE,0
531,921.7391304,921.7391304,921.7391304,FALSE,0
532,921.7391304,921.7391304,921.7391304,FALSE,0
533,930.4347826,930.4347826,930.4347826,FALSE,0
534,921.7391304,921.7391304,921.7391304,FALSE,0
535,921.7391304,921.7391304,921.7391304,FALSE,0
536,921.7391304,921.7391304,921.7391304,FALSE,0
537,921.7391304,921.7391304,921.7391304,FALSE,0
538,921.7391304,921.7391304,921.7391304,FALSE,0
539,921.7391304,921.7391304,921.7391304,FALSE,0
540,921.7391304,921.7391304,921.7391304,FALSE,0
541,921.7391304,921.7391304,921.7391304,FALSE,0
542,921.7391304,921.7391304,921.7391304,FALSE,0
543,921.7391304,921.7391304,921.7391304,FALSE,0
544,921.7391304,921.7391304,921.7391304,FALSE,0
545,921.7391304,921.7391304,921.7391304,FALSE,0
546,921.7391304,921.7391304,921.7391304,FALSE,0
547,921.7391304,921.7391304,921.7391304,FALSE,0
548,930.4347826,930.4347826,930.4347826,FALSE,0
549,930.4347826,930.4347826,930.4347826,FALSE,0
550,930.4347826,930.4347826,930.4347826,FALSE,0
551,930.4347826,930.4347826,930.4347826,FALSE,0
552,930.4347826,930.4347826,930.4347826,FALSE,0
553,930.4347826,930.4347826,930.4347826,FALSE,0
554,921.7391304,921.7391304,921.7391304,FALSE,0
555,921.7391304,921.7391304,921.7391304,FALSE,0
556,921.7391304,921.7391304,921.7391304,FALSE,0
557,921.7391304,921.7391304,921.7391304,FALSE,0
558,921.7391304,921.7391304,921.7391304,FALSE,0
559,921.7391304,921.7391304,921.7391304,FALSE,0
560,921.7391304,921.7391304,921.7391304,FALSE,0
561,921.7391304,921.7391304,921.7391304,FALSE,0
562,921.7391304,921.7391304,921.7391304,FALSE,0
563,921.7391304,921.7391304,921.7391304,FALSE,0
564,921.7391304,921.7391304,921.7391304,FALSE,0
565,921.7391304,921.7391304,921.7391304,FALSE,0
566,921.7391304,921.7391304,921.7391304,FALSE,0
567,921.7391304,921.7391304,921.7391304,FALSE,0
568,921.7391304,921.7391304,921.7391304,FALSE,0
569,921.7391304,921.7391304,921.7391304,FALSE,0
570,921.7391304,921.7391304,921.7391304,FALSE,0
571,921.7391304,921.7391304,921.7391304,FALSE,0
572,921.7391304,921.7391304,921.7391304,FALSE,0
573,921.7391304,921.7391304,921.7391304,FALSE,0
574,921.7391304,921.7391304,921.7391304,FALSE,0
575,930.4347826,930.4347826,930.4347826,FALSE,0
576,930.4347826,930.4347826,930.4347826,FALSE,0
577,930.4347826,930.4347826,930.4347826,FALSE,0
578,921.7391304,921.7391304,921.7391304,FALSE,0
579,921.7391304,921.7391304,921.7391304,FALSE,0
580,921.7391304,921.7391304,921.7391304,FALSE,0
581,921.7391304,921.7391304,921.7391304,FALSE,0
582,921.7391304,921.7391304,921.7391304,FALSE,0
583,921.7391304,921.7391304,921.7391304,FALSE,0
584,921.7391304,921.7391304,921.7391304,FALSE,0
585,921.7391304,921.7391304,921.7391304,FALSE,0
586,921.7391304,921.7391304,921.7391304,FALSE,0
587,921.7391304,921.7391304,921.7391304,FALSE,0
588,921.7391304,921.7391304,921.7391304,FALSE,0
589,921.7391304,921.7391304,921.7391304,FALSE,0
590,921.7391304,921.7391304,921.7391304,FALSE,0
591,921.7391304,921.7391304,921.7391304,FALSE,0
592,921.7391304,921.7391304,921.7391304,FALSE,0
593,921.7391304,921.7391304,921.7391304,FALSE,0
594,921.7391304,921.7391304,921.7391304,FALSE,0
595,921.7391304,921.7391304,921.7391304,FALSE,0
596,921.7391304,921.7391304,921.7391304,FALSE,0
597,921.7391304,921.7391304,921.7391304,FALSE,0
598,921.7391304,921.7391304,921.7391304,FALSE,0
599,921.7391304,921.7391304,921.7391304,FALSE,0
600,921.7391304,921.7391304,921.7391304,FALSE,0
601,921.7391304,921.7391304,921.7391304,FALSE,0
602,921.7391304,921.7391304,921.7391304,FALSE,0
603,921.7391304,921.7391304,921.7391304,FALSE,0
604,921.7391304,921.7391304,921.7391304,FALSE,0
605,921.7391304,921.7391304,921.7391304,FALSE,0
606,921.7391304,921.7391304,921.7391304,FALSE,0
607,921.7391304,921.7391304,921.7391304,FALSE,0
608,921.7391304,921.7391304,921.7391304,FALSE,0
609,921.7391304,921.7391304,921.7391304,FALSE,0
610,921.7391304,921.7391304,921.7391304,FALSE,0
611,921.7391304,921.7391304,921.7391304,FALSE,0
612,921.7391304,921.7391304,921.7391304,FALSE,0
613,921.7391304,921.7391304,921.7391304,FALSE,0
614,921.7391304,921.7391304,921.7391304,FALSE,0
615,921.7391304,921.7391304,921.7391304,FALSE,0
616,921.7391304,921.7391304,921.7391304,FALSE,0
617,921.7391304,921.7391304,921.7391304,FALSE,0
618,921.7391304,921.7391304,921.7391304,FALSE,0
619,921.7391304,921.7391304,921.7391304,FALSE,0
620,921.7391304,921.7391304,921.7391304,FALSE,0
621,930.4347826,930.4347826,930.4347826,FALSE,0
622,930.4347826,930.4347826,930.4347826,FALSE,0
623,930.4347826,930.4347826,930.4347826,FALSE,0
624,921.7391304,921.7391304,921.7391304,FALSE,0
625,921.7391304,921.7391304,921.7391304,FALSE,0
626,921.7391304,921.7391304,921.7391304,FALSE,0
627,921.7391304,921.7391304,921.7391304,FALSE,0
628,921.7391304,921.7391304,921.7391304,FALSE,0
629,921.7391304,921.7391304,921.7391304,FALSE,0
630,921.7391304,921.7391304,921.7391304,FALSE,0
631,921.7391304,921.7391304,921.7391304,FALSE,0
632,921.7391304,921.7391304,921.7391304,FALSE,0
633,921.7391304,921.7391304,921.7391304,FALSE,0
634,921.7391304,921.7391304,921.7391304,FALSE,0
635,921.7391304,921.7391304,921.7391304,FALSE,0
636,921.7391304,921.7391304,921.7391304,FALSE,0
637,921.7391304,921.7391304,921.7391304,FALSE,0
638,921.7391304,921.7391304,921.7391304,FALSE,0
639,921.7391304,921.7391304,921.7391304,FALSE,0
640,921.7391304,921.7391304,921.7391304,FALSE,0
641,921.7391304,921.7391304,921.7391304,FALSE,0
642,921.7391304,921.7391304,921.7391304,FALSE,0
643,921.7391304,921.7391304,921.7391304,FALSE,0
644,921.7391304,921.7391304,921.7391304,FALSE,0
645,921.7391304,921.7391304,921.7391304,FALSE,0
646,921.7391304,921.7391304,921.7391304,FALSE,0
647,921.7391304,921.7391304,921.7391304,FALSE,0
648,921.7391304,921.7391304,921.7391304,FALSE,0
649,921.7391304,921.7391304,921.7391304,FALSE,0
650,921.7391304,921.7391304,921.7391304,FALSE,0
651,921.7391304,921.7391304,921.7391304,FALSE,0
652,921.7391304,921.7391304,921.7391304,FALSE,0
653,921.7391304,921.7391304,921.7391304,FALSE,0
654,921.7391304,921.7391304,921.7391304,FALSE,0
655,921.7391304,921.7391304,921.7391304,FALSE,0
656,921.7391304,921.7391304,921.7391304,FALSE,0
657,921.7391304,921.7391304,921.7391304,FALSE,0
658,921.7391304,921.7391304,921.7391304,FALSE,0
659,921.7391304,921.7391304,921.7391304,FALSE,0
660,921.7391304,921.7391304,921.7391304,FALSE,0
661,921.7391304,921.7391304,921.7391304,FALSE,0
662,921.7391304,921.7391304,921.7391304,FALSE,0
663,921.7391304,921.7391304,921.7391304,FALSE,0
664,921.7391304,921.7391304,921.7391304,FALSE,0
665,921.7391304,921.7391304,921.7391304,FALSE,0
666,921.7391304,921.7391304,921.7391304,FALSE,0
667,930.4347826,930.4347826,930.4347826,FALSE,0
668,930.4347826,930.4347826,930.4347826,FALSE,0
669,930.4347826,930.4347826,930.4347826,FALSE,0
670,930.4347826,930.4347826,930.4347826,FALSE,0
671,921.7391304,921.7391304,921.7391304,FALSE,0
672,930.4347826,930.4347826,930.4347826,FALSE,0
673,921.7391304,921.7391304,921.7391304,FALSE,0
674,921.7391304,921.7391304,921.7391304,FALSE,0
675,921.7391304,921.7391304,921.7391304,FALSE,0
676,921.7391304,921.7391304,921.7391304,FALSE,0
677,921.7391304,921.7391304,921.7391304,FALSE,0
678,921.7391304,921.7391304,921.7391304,FALSE,0
679,921.7391304,921.7391304,921.7391304,FALSE,0
680,921.7391304,921.7391304,921.7391304,FALSE,0
681,921.7391304,921.7391304,921.7391304,FALSE,0
682,921.7391304,921.7391304,921.7391304,FALSE,0
683,921.7391304,921.7391304,921.7391304,FALSE,0
684,930.4347826,930.4347826,930.4347826,FALSE,0
685,930.4347826,930.4347826,930.4347826,FALSE,0
686,930.4347826,930.4347826,930.4347826,FALSE,0
687,930.4347826,930.4347826,930.4347826,FALSE,0
688,930.4347826,930.4347826,930.4347826,FALSE,0
689,930.4347826,930.4347826,930.4347826,FALSE,0
690,921.7391304,921.7391304,921.7391304,FALSE,0
691,930.4347826,930.4347826,930.4347826,FALSE,0
692,930.4347826,930.4347826,930.4347826,FALSE,0
693,930.4347826,930.4347826,930.4347826,FALSE,0
694,930.4347826,930.4347826,930.4347826,FALSE,0
695,930.4347826,930.4347826,930.4347826,FALSE,0
696,930.4347826,930.4347826,930.4347826,FALSE,0
697,930.4347826,930.4347826,930.4347826,FALSE,0
698,930.4347826,930.4347826,930.4347826,FALSE,0
699,930.4347826,930.4347826,930.4347826,FALSE,0
700,921.7391304,921.7391304,921.7391304,FALSE,0
701,930.4347826,930.4347826,930.4347826,FALSE,0
702,930.4347826,930.4347826,930.4347826,FALSE,0
703,930.4347826,930.4347826,930.4347826,FALSE,0
704,930.4347826,930.4347826,930.4347826,FALSE,0
705,930.4347826,930.4347826,930.4347826,FALSE,0
706,930.4347826,930.4347826,930.4347826,FALSE,0
707,930.4347826,930.4347826,930.4347826,FALSE,0
708,930.4347826,930.4347826,930.4347826,FALSE,0
709,930.4347826,930.4347826,930.4347826,FALSE,0
710,930.4347826,930.4347826,930.4347826,FALSE,0
711,930.4347826,930.4347826,930.4347826,FALSE,0
712,921.7391304,921.7391304,921.7391304,FALSE,0
713,921.7391304,921.7391304,921.7391304,FALSE,0
714,921.7391304,921.7391304,921.7391304,FALSE,0
715,921.7391304,921.7391304,921.7391304,FALSE,0
716,921.7391304,921.7391304,921.7391304,FALSE,0
717,921.7391304,921.7391304,921.7391304,FALSE,0
718,921.7391304,921.7391304,921.7391304,FALSE,0
719,921.7391304,921.7391304,921.7391304,FALSE,0
720,921.7391304,921.7391304,921.7391304,FALSE,0
721,921.7391304,921.7391304,921.7391304,FALSE,0
722,913.0434783,913.0434783,913.0434783,FALSE,0
723,913.0434783,913.0434783,913.0434783,FALSE,0
724,913.0434783,913.0434783,913.0434783,FALSE,0
725,913.0434783,913.0434783,913.0434783,FALSE,0
726,904.3478261,904.3478261,904.3478261,FALSE,0
727,904.3478261,904.3478261,904.3478261,FALSE,0
728,904.3478261,904.3478261,904.3478261,FALSE,0
729,904.3478261,904.3478261,904.3478261,FALSE,0
730,904.3478261,904.3478261,904.3478261,FALSE,0
731,895.6521739,895.6521739,895.6521739,FALSE,0
732,895.6521739,895.6521739,895.6521739,FALSE,0
733,895.6521739,895.6521739,895.6521739,FALSE,0
734,895.6521739,895.6521739,895.6521739,FALSE,0
735,895.6521739,895.6521739,895.6521739,FALSE,0
736,895.6521739,895.6521739,895.6521739,FALSE,0
737,895.6521739,895.6521739,895.6521739,FALSE,0
738,886.9565217,886.9565217,886.9565217,FALSE,0
739,886.9565217,886.9565217,886.9565217,FALSE,0
740,886.9565217,886.9565217,886.9565217,FALSE,0
741,886.9565217,886.9565217,886.9565217,FALSE,0
742,878.2608696,878.2608696,878.2608696,FALSE,0
743,878.2608696,878.2608696,878.2608696,FALSE,0
744,878.2608696,878.2608696,878.2608696,FALSE,0
745,878.2608696,878.2608696,878.2608696,FALSE,0
746,869.5652174,869.5652174,869.5652174,FALSE,0
747,869.5652174,869.5652174,869.5652174,FALSE,0
748,869.5652174,869.5652174,869.5652174,FALSE,0
749,869.5652174,869.5652174,869.5652174,FALSE,0
750,860.8695652,860.8695652,860.8695652,FALSE,0
751,860.8695652,860.8695652,860.8695652,FALSE,0
752,860.8695652,860.8695652,860.8695652,FALSE,0
753,860.8695652,860.8695652,860.8695652,FALSE,0
754,860.8695652,860.8695652,860.8695652,FALSE,0
755,852.173913,852.173913,852.173913,FALSE,0
756,834.7826087,834.7826087,834.7826087,FALSE,0
757,782.6086957,782.6086957,782.6086957,FALSE,0
758,782.6086957,782.6086957,782.6086957,FALSE,0
759,782.6086957,782.6086957,782.6086957,FALSE,0
760,782.6086957,782.6086957,782.6086957,FALSE,0
761,808.6956522,808.6956522,808.6956522,FALSE,0
762,808.6956522,808.6956522,808.6956522,FALSE,0
763,808.6956522,808.6956522,808.6956522,FALSE,0
764,852.173913,852.173913,852.173913,FALSE,0
765,843.4782609,843.4782609,843.4782609,FALSE,0
766,852.173913,852.173913,852.173913,FALSE,0
767,800,800,800,FALSE,0
768,800,800,800,FALSE,0
769,800,800,800,FALSE,0
770,773.9130435,773.9130435,773.9130435,FALSE,0
771,808.6956522,808.6956522,808.6956522,FALSE,0
772,800,800,800,FALSE,0
773,800,800,800,FALSE,0
774,800,800,800,FALSE,0
775,765.2173913,765.2173913,765.2173913,FALSE,0
776,765.2173913,765.2173913,765.2173913,FALSE,0
777,791.3043478,791.3043478,791.3043478,FALSE,0
778,756.5217391,756.5217391,756.5217391,FALSE,0
779,756.5217391,756.5217391,756.5217391,FALSE,0
780,756.5217391,756.5217391,756.5217391,FALSE,0
781,782.6086957,782.6086957,782.6086957,FALSE,0
782,765.2173913,765.2173913,765.2173913,FALSE,0
783,782.6086957,782.6086957,782.6086957,FALSE,0
784,782.6086957,782.6086957,782.6086957,FALSE,0
785,782.6086957,782.6086957,782.6086957,FALSE,0
786,791.3043478,791.3043478,791.3043478,FALSE,0
787,782.6086957,782.6086957,782.6086957,FALSE,0
788,782.6086957,782.6086957,782.6086957,FALSE,0
789,747.826087,747.826087,747.826087,FALSE,0
790,747.826087,747.826087,747.826087,FALSE,0
791,782.6086957,782.6086957,782.6086957,FALSE,0
792,739.1304348,739.1304348,739.1304348,FALSE,0
793,739.1304348,739.1304348,739.1304348,FALSE,0
794,739.1304348,739.1304348,739.1304348,FALSE,0
795,765.2173913,765.2173913,765.2173913,FALSE,0
796,773.9130435,773.9130435,773.9130435,FALSE,0
797,730.4347826,730.4347826,730.4347826,FALSE,0
798,730.4347826,730.4347826,730.4347826,FALSE,0
799,756.5217391,756.5217391,756.5217391,FALSE,0
800,721.7391304,721.7391304,721.7391304,FALSE,0
801,721.7391304,721.7391304,721.7391304,FALSE,0
802,721.7391304,721.7391304,721.7391304,FALSE,0
803,747.826087,747.826087,747.826087,FALSE,0
804,713.0434783,713.0434783,713.0434783,FALSE,0
805,713.0434783,713.0434783,713.0434783,FALSE,0
806,713.0434783,713.0434783,713.0434783,FALSE,0
807,739.1304348,739.1304348,739.1304348,FALSE,0
808,704.3478261,704.3478261,704.3478261,FALSE,0
809,704.3478261,704.3478261,704.3478261,FALSE,0
810,704.3478261,704.3478261,704.3478261,FALSE,0
811,730.4347826,730.4347826,730.4347826,FALSE,0
812,695.6521739,695.6521739,695.6521739,FALSE,0
813,695.6521739,695.6521739,695.6521739,FALSE,0
814,695.6521739,695.6521739,695.6521739,FALSE,0
815,721.7391304,721.7391304,721.7391304,FALSE,0
816,686.9565217,686.9565217,686.9565217,FALSE,0
817,686.9565217,686.9565217,686.9565217,FALSE,0
818,713.0434783,713.0434783,713.0434783,FALSE,0
819,686.9565217,686.9565217,686.9565217,FALSE,0
820,678.2608696,678.2608696,678.2608696,FALSE,0
821,678.2608696,678.2608696,678.2608696,FALSE,0
822,704.3478261,704.3478261,704.3478261,FALSE,0
823,704.3478261,704.3478261,704.3478261,FALSE,0
824,704.3478261,704.3478261,704.3478261,FALSE,0
825,704.3478261,704.3478261,704.3478261,FALSE,0
826,704.3478261,704.3478261,704.3478261,FALSE,0
827,704.3478261,704.3478261,704.3478261,FALSE,0
828,669.5652174,669.5652174,669.5652174,FALSE,0
829,669.5652174,669.5652174,669.5652174,FALSE,0
830,686.9565217,686.9565217,686.9565217,FALSE,0
831,695.6521739,695.6521739,695.6521739,FALSE,0
832,695.6521739,695.6521739,695.6521739,FALSE,0
833,695.6521739,695.6521739,695.6521739,FALSE,0
834,695.6521739,695.6521739,695.6521739,FALSE,0
835,695.6521739,695.6521739,695.6521739,FALSE,0
836,686.9565217,686.9565217,686.9565217,FALSE,0
837,660.8695652,660.8695652,660.8695652,FALSE,0
838,686.9565217,686.9565217,686.9565217,FALSE,0
839,686.9565217,686.9565217,686.9565217,FALSE,0
840,678.2608696,678.2608696,678.2608696,FALSE,0
841,652.173913,652.173913,652.173913,FALSE,0
842,678.2608696,678.2608696,678.2608696,FALSE,0
843,669.5652174,669.5652174,669.5652174,FALSE,0
844,669.5652174,669.5652174,669.5652174,FALSE,0
845,669.5652174,669.5652174,669.5652174,FALSE,0
846,669.5652174,669.5652174,669.5652174,FALSE,0
847,669.5652174,669.5652174,669.5652174,FALSE,0
848,669.5652174,669.5652174,669.5652174,FALSE,0
849,669.5652174,669.5652174,669.5652174,FALSE,0
850,669.5652174,669.5652174,669.5652174,FALSE,0
851,678.2608696,678.2608696,678.2608696,FALSE,0
852,678.2608696,678.2608696,678.2608696,FALSE,0
853,669.5652174,669.5652174,669.5652174,FALSE,0
854,660.8695652,660.8695652,660.8695652,FALSE,0
855,669.5652174,669.5652174,669.5652174,FALSE,0
856,617.3913043,617.3913043,617.3913043,FALSE,0
857,660.8695652,660.8695652,660.8695652,FALSE,0
858,669.5652174,669.5652174,669.5652174,FALSE,0
859,660.8695652,660.8695652,660.8695652,FALSE,0
860,660.8695652,660.8695652,660.8695652,FALSE,0
861,660.8695652,660.8695652,660.8695652,FALSE,0
862,660.8695652,660.8695652,660.8695652,FALSE,0
863,660.8695652,660.8695652,660.8695652,FALSE,0
864,669.5652174,669.5652174,669.5652174,FALSE,0
865,608.6956522,608.6956522,608.6956522,FALSE,0
866,608.6956522,608.6956522,608.6956522,FALSE,0
867,600,600,600,FALSE,0
868,617.3913043,617.3913043,617.3913043,FALSE,0
869,652.173913,652.173913,652.173913,FALSE,0
870,626.0869565,626.0869565,626.0869565,FALSE,0
871,643.4782609,643.4782609,643.4782609,FALSE,0
872,634.7826087,634.7826087,634.7826087,FALSE,0
873,634.7826087,634.7826087,634.7826087,FALSE,0
874,634.7826087,634.7826087,634.7826087,FALSE,0
875,634.7826087,634.7826087,634.7826087,FALSE,0
876,634.7826087,634.7826087,634.7826087,FALSE,0
877,626.0869565,626.0869565,626.0869565,FALSE,0
878,600,600,600,FALSE,0
879,626.0869565,626.0869565,626.0869565,FALSE,0
880,634.7826087,634.7826087,634.7826087,FALSE,0
881,626.0869565,626.0869565,626.0869565,FALSE,0
882,634.7826087,634.7826087,634.7826087,FALSE,0
883,626.0869565,626.0869565,626.0869565,FALSE,0
884,626.0869565,626.0869565,626.0869565,FALSE,0
885,626.0869565,626.0869565,626.0869565,FALSE,0
886,626.0869565,626.0869565,626.0869565,FALSE,0
887,626.0869565,626.0869565,626.0869565,FALSE,0
888,626.0869565,626.0869565,626.0869565,FALSE,0
889,617.3913043,617.3913043,617.3913043,FALSE,0
890,617.3913043,617.3913043,617.3913043,FALSE,0
891,617.3913043,617.3913043,617.3913043,FALSE,0
892,608.6956522,608.6956522,608.6956522,FALSE,0
893,617.3913043,617.3913043,617.3913043,FALSE,0
894,608.6956522,608.6956522,608.6956522,FALSE,0
895,608.6956522,608.6956522,608.6956522,FALSE,0
896,600,600,600,FALSE,0
897,600,600,600,FALSE,0
898,600,600,600,FALSE,0
899,600,600,600,FALSE,0
900,600,600,600,FALSE,0
901,591.3043478,591.3043478,591.3043478,FALSE,0
902,591.3043478,591.3043478,591.3043478,FALSE,0
903,600,600,600,FALSE,0
904,591.3043478,591.3043478,591.3043478,FALSE,0
905,591.3043478,591.3043478,591.3043478,FALSE,0
906,591.3043478,591.3043478,591.3043478,FALSE,0
907,591.3043478,591.3043478,591.3043478,FALSE,0
908,547.826087,547.826087,547.826087,FALSE,0
909,547.826087,547.826087,547.826087,FALSE,0
910,547.826087,547.826087,547.826087,FALSE,0
911,565.2173913,565.2173913,565.2173913,FALSE,0
912,547.826087,547.826087,547.826087,FALSE,0
913,591.3043478,591.3043478,591.3043478,FALSE,0
914,539.1304348,539.1304348,539.1304348,FALSE,0
915,565.2173913,565.2173913,565.2173913,FALSE,0
916,573.9130435,573.9130435,573.9130435,FALSE,0
917,573.9130435,573.9130435,573.9130435,FALSE,0
918,573.9130435,573.9130435,573.9130435,FALSE,0
919,556.5217391,556.5217391,556.5217391,FALSE,0
920,573.9130435,573.9130435,573.9130435,FALSE,0
921,565.2173913,565.2173913,565.2173913,FALSE,0
922,565.2173913,565.2173913,565.2173913,FALSE,0
923,565.2173913,565.2173913,565.2173913,FALSE,0
924,513.0434783,513.0434783,513.0434783,FALSE,0
925,556.5217391,556.5217391,556.5217391,FALSE,0
926,556.5217391,556.5217391,556.5217391,FALSE,0
927,565.2173913,565.2173913,565.2173913,FALSE,0
928,556.5217391,556.5217391,556.5217391,FALSE,0
929,556.5217391,556.5217391,556.5217391,FALSE,0
930,556.5217391,556.5217391,556.5217391,FALSE,0
931,565.2173913,565.2173913,565.2173913,FALSE,0
932,513.0434783,513.0434783,513.0434783,FALSE,0
933,513.0434783,513.0434783,513.0434783,FALSE,0
934,530.4347826,530.4347826,530.4347826,FALSE,0
935,556.5217391,556.5217391,556.5217391,FALSE,0
936,504.3478261,504.3478261,504.3478261,FALSE,0
937,547.826087,547.826087,547.826087,FALSE,0
938,556.5217391,556.5217391,556.5217391,FALSE,0
939,495.6521739,495.6521739,495.6521739,FALSE,0
940,539.1304348,539.1304348,539.1304348,FALSE,0
941,539.1304348,539.1304348,539.1304348,FALSE,0
942,504.3478261,504.3478261,504.3478261,FALSE,0
943,504.3478261,504.3478261,504.3478261,FALSE,0
944,495.6521739,495.6521739,495.6521739,FALSE,0
945,486.9565217,486.9565217,486.9565217,FALSE,0
946,530.4347826,530.4347826,530.4347826,FALSE,0
947,530.4347826,530.4347826,530.4347826,FALSE,0
948,478.2608696,478.2608696,478.2608696,FALSE,0
949,486.9565217,486.9565217,486.9565217,FALSE,0
950,478.2608696,478.2608696,478.2608696,FALSE,0
951,478.2608696,478.2608696,478.2608696,FALSE,0
952,478.2608696,478.2608696,478.2608696,FALSE,0
953,478.2608696,478.2608696,478.2608696,FALSE,0
954,478.2608696,478.2608696,478.2608696,FALSE,0
955,478.2608696,478.2608696,478.2608696,FALSE,0
956,478.2608696,478.2608696,478.2608696,FALSE,0
957,478.2608696,478.2608696,478.2608696,FALSE,0
958,478.2608696,478.2608696,478.2608696,FALSE,0
959,495.6521739,495.6521739,495.6521739,FALSE,0
960,469.5652174,469.5652174,469.5652174,FALSE,0
961,504.3478261,504.3478261,504.3478261,FALSE,0
962,460.8695652,460.8695652,460.8695652,FALSE,0
963,469.5652174,469.5652174,469.5652174,FALSE,0
964,504.3478261,504.3478261,504.3478261,FALSE,0
965,452.173913,452.173913,452.173913,FALSE,0
966,469.5652174,469.5652174,469.5652174,FALSE,0
967,495.6521739,495.6521739,495.6521739,FALSE,0
968,495.6521739,495.6521739,495.6521739,FALSE,0
969,443.4782609,443.4782609,443.4782609,FALSE,0
970,443.4782609,443.4782609,443.4782609,FALSE,0
971,460.8695652,460.8695652,460.8695652,FALSE,0
972,478.2608696,478.2608696,478.2608696,FALSE,0
973,452.173913,452.173913,452.173913,FALSE,0
974,434.7826087,434.7826087,434.7826087,FALSE,0
975,434.7826087,434.7826087,434.7826087,FALSE,0
976,452.173913,452.173913,452.173913,FALSE,0
977,478.2608696,478.2608696,478.2608696,FALSE,0
978,478.2608696,478.2608696,478.2608696,FALSE,0
979,469.5652174,469.5652174,469.5652174,FALSE,0
980,434.7826087,434.7826087,434.7826087,FALSE,0
981,452.173913,452.173913,452.173913,FALSE,0
982,434.7826087,434.7826087,434.7826087,FALSE,0
983,469.5652174,469.5652174,469.5652174,FALSE,0
984,434.7826087,434.7826087,434.7826087,FALSE,0
985,452.173913,452.173913,452.173913,FALSE,0
986,469.5652174,469.5652174,469.5652174,FALSE,0
987,426.0869565,426.0869565,426.0869565,FALSE,0
988,469.5652174,469.5652174,469.5652174,FALSE,0
989,460.8695652,460.8695652,460.8695652,FALSE,0
990,417.3913043,417.3913043,417.3913043,FALSE,0
991,460.8695652,460.8695652,460.8695652,FALSE,0
992,452.173913,452.173913,452.173913,FALSE,0
993,452.173913,452.173913,452.173913,FALSE,0
994,452.173913,452.173913,452.173913,FALSE,0
995,452.173913,452.173913,452.173913,FALSE,0
996,434.7826087,434.7826087,434.7826087,FALSE,0
997,452.173913,452.173913,452.173913,FALSE,0
998,443.4782609,443.4782609,443.4782609,FALSE,0
999,443.4782609,443.4782609,443.4782609,FALSE,0
1000,443.4782609,443.4782609,443.4782609,FALSE,0
1001,443.4782609,443.4782609,443.4782609,FALSE,0
1002,443.4782609,443.4782609,443.4782609,FALSE,0
1003,443.4782609,443.4782609,443.4782609,FALSE,0
1004,443.4782609,443.4782609,443.4782609,FALSE,0
1005,443.4782609,443.4782609,443.4782609,FALSE,0
1006,452.173913,452.173913,452.173913,FALSE,0
1007,443.4782609,443.4782609,443.4782609,FALSE,0
1008,443.4782609,443.4782609,443.4782609,FALSE,0
1009,434.7826087,434.7826087,434.7826087,FALSE,0
1010,434.7826087,434.7826087,434.7826087,FALSE,0
1011,434.7826087,434.7826087,434.7826087,FALSE,0
1012,434.7826087,434.7826087,434.7826087,FALSE,0
1013,426.0869565,426.0869565,426.0869565,FALSE,0
1014,426.0869565,426.0869565,426.0869565,FALSE,0
1015,426.0869565,426.0869565,426.0869565,FALSE,0
1016,426.0869565,426.0869565,426.0869565,FALSE,0
1017,426.0869565,426.0869565,426.0869565,FALSE,0
1018,417.3913043,417.3913043,417.3913043,FALSE,0
1019,417.3913043,417.3913043,417.3913043,FALSE,0
1020,417.3913043,417.3913043,417.3913043,FALSE,0
1021,417.3913043,417.3913043,417.3913043,FALSE,0
1022,417.3913043,417.3913043,417.3913043,FALSE,0
1023,408.6956522,408.6956522,408.6956522,FALSE,0
1024,417.3913043,417.3913043,417.3913043,FALSE,0
1025,408.6956522,408.6956522,408.6956522,FALSE,0
1026,408.6956522,408.6956522,408.6956522,FALSE,0
1027,408.6956522,408.6956522,408.6956522,FALSE,0
1028,408.6956522,408.6956522,408.6956522,FALSE,0
1029,408.6956522,408.6956522,408.6956522,FALSE,0
1030,408.6956522,408.6956522,408.6956522,FALSE,0
1031,417.3913043,417.3913043,417.3913043,FALSE,0
1032,408.6956522,408.6956522,408.6956522,FALSE,0
1033,400,400,400,FALSE,0
1034,400,400,400,FALSE,0
1035,408.6956522,408.6956522,408.6956522,FALSE,0
1036,400,400,400,FALSE,0
1037,391.3043478,391.3043478,391.3043478,FALSE,0
1038,391.3043478,391.3043478,391.3043478,FALSE,0
1039,391.3043478,391.3043478,391.3043478,FALSE,0
1040,382.6086957,382.6086957,382.6086957,FALSE,0
1041,382.6086957,382.6086957,382.6086957,FALSE,0
1042,382.6086957,382.6086957,382.6086957,FALSE,0
1043,382.6086957,382.6086957,382.6086957,FALSE,0
1044,382.6086957,382.6086957,382.6086957,FALSE,0
1045,373.9130435,373.9130435,373.9130435,FALSE,0
1046,373.9130435,373.9130435,373.9130435,FALSE,0
1047,382.6086957,382.6086957,382.6086957,FALSE,0
1048,373.9130435,373.9130435,373.9130435,FALSE,0
1049,382.6086957,382.6086957,382.6086957,FALSE,0
1050,382.6086957,382.6086957,382.6086957,FALSE,0
1051,391.3043478,391.3043478,391.3043478,FALSE,0
1052,382.6086957,382.6086957,382.6086957,FALSE,0
1053,391.3043478,391.3043478,391.3043478,FALSE,0
1054,391.3043478,391.3043478,391.3043478,FALSE,0
1055,382.6086957,382.6086957,382.6086957,FALSE,0
1056,373.9130435,373.9130435,373.9130435,FALSE,0
1057,373.9130435,373.9130435,373.9130435,FALSE,0
1058,373.9130435,373.9130435,373.9130435,FALSE,0
1059,373.9130435,373.9130435,373.9130435,FALSE,0
1060,365.2173913,365.2173913,365.2173913,FALSE,0
1061,365.2173913,365.2173913,365.2173913,FALSE,0
1062,365.2173913,365.2173913,365.2173913,FALSE,0
1063,356.5217391,356.5217391,356.5217391,FALSE,0
1064,356.5217391,356.5217391,356.5217391,FALSE,0
1065,356.5217391,356.5217391,356.5217391,FALSE,0
1066,356.5217391,356.5217391,356.5217391,FALSE,0
1067,356.5217391,356.5217391,356.5217391,FALSE,0
1068,347.826087,347.826087,347.826087,FALSE,0
1069,347.826087,347.826087,347.826087,FALSE,0
1070,347.826087,347.826087,347.826087,FALSE,0
1071,347.826087,347.826087,347.826087,FALSE,0
1072,347.826087,347.826087,347.826087,FALSE,0
1073,895.6521739,895.6521739,347.826087,FALSE,1
1074,904.3478261,904.3478261,347.826087,FALSE,1
1075,904.3478261,904.3478261,347.826087,FALSE,1
1076,904.3478261,904.3478261,347.826087,FALSE,1
1077,904.3478261,904.3478261,347.826087,FALSE,1
1078,347.826087,347.826087,347.826087,FALSE,0
1079,347.826087,347.826087,347.826087,FALSE,0
1080,347.826087,347.826087,347.826087,FALSE,0
1081,330.4347826,330.4347826,330.4347826,FALSE,0
1082,339.1304348,339.1304348,339.1304348,FALSE,0
1083,339.1304348,339.1304348,339.1304348,FALSE,0
1084,330.4347826,330.4347826,330.4347826,FALSE,0
1085,321.7391304,321.7391304,321.7391304,FALSE,0
1086,321.7391304,321.7391304,321.7391304,FALSE,0
1087,330.4347826,330.4347826,330.4347826,FALSE,0
1088,321.7391304,321.7391304,321.7391304,FALSE,0
1089,321.7391304,321.7391304,321.7391304,FALSE,0
1090,313.0434783,313.0434783,313.0434783,FALSE,0
1091,313.0434783,313.0434783,313.0434783,FALSE,0
1092,313.0434783,313.0434783,313.0434783,FALSE,0
1093,313.0434783,313.0434783,313.0434783,FALSE,0
1094,313.0434783,313.0434783,313.0434783,FALSE,0
1095,313.0434783,313.0434783,313.0434783,FALSE,0
1096,904.3478261,904.3478261,313.0434783,FALSE,1
1097,321.7391304,321.7391304,321.7391304,FALSE,0
1098,313.0434783,313.0434783,313.0434783,FALSE,0
1099,313.0434783,313.0434783,313.0434783,FALSE,0
1100,313.0434783,313.0434783,313.0434783,FALSE,0
1101,313.0434783,313.0434783,313.0434783,FALSE,0
1102,313.0434783,313.0434783,313.0434783,FALSE,0
1103,904.3478261,904.3478261,313.0434783,FALSE,1
1104,286.9565217,286.9565217,286.9565217,FALSE,0
1105,286.9565217,286.9565217,286.9565217,FALSE,0
1106,286.9565217,286.9565217,286.9565217,FALSE,0
1107,278.2608696,278.2608696,278.2608696,FALSE,0
1108,260.8695652,260.8695652,260.8695652,FALSE,0
1109,278.2608696,278.2608696,278.2608696,FALSE,0
1110,269.5652174,269.5652174,269.5652174,FALSE,0
1111,260.8695652,260.8695652,260.8695652,FALSE,0
1112,278.2608696,278.2608696,278.2608696,FALSE,0
1113,252.173913,252.173913,252.173913,FALSE,0
1114,904.3478261,904.3478261,252.173913,FALSE,1
1115,904.3478261,904.3478261,252.173913,FALSE,1
1116,252.173913,252.173913,252.173913,FALSE,0
1117,252.173913,252.173913,252.173913,FALSE,0
1118,260.8695652,260.8695652,260.8695652,FALSE,0
1119,252.173913,252.173913,252.173913,FALSE,0
1120,252.173913,252.173913,252.173913,FALSE,0
1121,252.173913,252.173913,252.173913,FALSE,0
1122,252.173913,252.173913,252.173913,FALSE,0
1123,252.173913,252.173913,252.173913,FALSE,0
1124,278.2608696,278.2608696,278.2608696,FALSE,0
1125,269.5652174,269.5652174,269.5652174,FALSE,0
1126,243.4782609,243.4782609,243.4782609,FALSE,0
1127,234.7826087,234.7826087,234.7826087,FALSE,0
1128,234.7826087,234.7826087,234.7826087,FALSE,0
1129,226.0869565,226.0869565,226.0869565,FALSE,0
1130,226.0869565,226.0869565,226.0869565,FALSE,0
1131,226.0869565,226.0869565,226.0869565,FALSE,0
1132,243.4782609,243.4782609,243.4782609,FALSE,0
1133,243.4782609,243.4782609,243.4782609,FALSE,0
1134,234.7826087,234.7826087,234.7826087,FALSE,0
1135,217.3913043,217.3913043,217.3913043,FALSE,0
1136,904.3478261,904.3478261,217.3913043,FALSE,1
1137,226.0869565,226.0869565,226.0869565,FALSE,0
1138,217.3913043,217.3913043,217.3913043,FALSE,0
1139,217.3913043,217.3913043,217.3913043,FALSE,0
1140,217.3913043,217.3913043,217.3913043,FALSE,0
1141,217.3913043,217.3913043,217.3913043,FALSE,0
1142,217.3913043,217.3913043,217.3913043,FALSE,0
1143,217.3913043,217.3913043,217.3913043,FALSE,0
1144,226.0869565,226.0869565,226.0869565,FALSE,0
1145,217.3913043,217.3913043,217.3913043,FALSE,0
1146,234.7826087,234.7826087,234.7826087,FALSE,0
1147,226.0869565,226.0869565,226.0869565,FALSE,0
1148,191.3043478,191.3043478,191.3043478,FALSE,0
1149,200,200,200,FALSE,0
1150,182.6086957,182.6086957,182.6086957,FALSE,0
1151,191.3043478,191.3043478,191.3043478,FALSE,0
1152,191.3043478,191.3043478,191.3043478,FALSE,0
1153,191.3043478,191.3043478,191.3043478,FALSE,0
1154,182.6086957,182.6086957,182.6086957,FALSE,0
1155,182.6086957,182.6086957,182.6086957,FALSE,0
1156,173.9130435,173.9130435,173.9130435,FALSE,0
1157,173.9130435,173.9130435,173.9130435,FALSE,0
1158,173.9130435,173.9130435,173.9130435,FALSE,0
1159,173.9130435,173.9130435,173.9130435,FALSE,0
1160,173.9130435,173.9130435,173.9130435,FALSE,0
1161,165.2173913,165.2173913,165.2173913,FALSE,0
1162,182.6086957,182.6086957,182.6086957,FALSE,0
1163,139.1304348,139.1304348,139.1304348,FALSE,0
1164,139.1304348,139.1304348,139.1304348,FALSE,0
1165,147.826087,147.826087,147.826087,FALSE,0
1166,147.826087,147.826087,147.826087,FALSE,0
1167,147.826087,147.826087,147.826087,FALSE,0
1168,147.826087,147.826087,147.826087,FALSE,0
1169,113.0434783,113.0434783,113.0434783,FALSE,0
1170,104.3478261,104.3478261,104.3478261,FALSE,0
1171,113.0434783,113.0434783,113.0434783,FALSE,0
1172,104.3478261,104.3478261,104.3478261,FALSE,0
1173,913.0434783,913.0434783,913.0434783,FALSE,0
1174,913.0434783,913.0434783,913.0434783,FALSE,0
1175,904.3478261,904.3478261,904.3478261,FALSE,0
1176,913.0434783,913.0434783,913.0434783,FALSE,0
1177,913.0434783,913.0434783,913.0434783,FALSE,0
1178,913.0434783,913.0434783,913.0434783,FALSE,0
1179,913.0434783,913.0434783,913.0434783,FALSE,0
1180,913.0434783,913.0434783,913.0434783,FALSE,0
1181,913.0434783,913.0434783,913.0434783,FALSE,0
1182,913.0434783,913.0434783,913.0434783,FALSE,0
1183,913.0434783,913.0434783,913.0434783,FALSE,0
1184,913.0434783,913.0434783,913.0434783,FALSE,0
1185,913.0434783,913.0434783,913.0434783,FALSE,0
1186,913.0434783,913.0434783,913.0434783,FALSE,0
1187,904.3478261,904.3478261,904.3478261,FALSE,0
1188,904.3478261,904.3478261,904.3478261,FALSE,0
1189,904.3478261,904.3478261,904.3478261,FALSE,0
1190,895.6521739,895.6521739,895.6521739,FALSE,0
1191,904.3478261,904.3478261,904.3478261,FALSE,0
1192,904.3478261,904.3478261,904.3478261,FALSE,0
1193,904.3478261,904.3478261,904.3478261,FALSE,0
1194,904.3478261,904.3478261,904.3478261,FALSE,0
1195,904.3478261,904.3478261,904.3478261,FALSE,0
1196,904.3478261,904.3478261,904.3478261,FALSE,0
1197,913.0434783,913.0434783,913.0434783,FALSE,0
1198,904.3478261,904.3478261,904.3478261,FALSE,0
1199,895.6521739,895.6521739,895.6521739,FALSE,0
1200,895.6521739,895.6521739,895.6521739,FALSE,0
1201,895.6521739,895.6521739,895.6521739,FALSE,0
1202,895.6521739,895.6521739,895.6521739,FALSE,0
1203,913.0434783,913.0434783,913.0434783,FALSE,0
1204,913.0434783,913.0434783,913.0434783,FALSE,0
1205,895.6521739,895.6521739,895.6521739,FALSE,0
1206,913.0434783,913.0434783,913.0434783,FALSE,0
1207,895.6521739,895.6521739,895.6521739,FALSE,0
1208,904.3478261,904.3478261,904.3478261,FALSE,0
1209,886.9565217,886.9565217,886.9565217,FALSE,0
1210,886.9565217,886.9565217,886.9565217,FALSE,0
1211,886.9565217,886.9565217,886.9565217,FALSE,0
1212,878.2608696,878.2608696,878.2608696,FALSE,0
1213,878.2608696,878.2608696,878.2608696,FALSE,0
1214,878.2608696,878.2608696,878.2608696,FALSE,0
1215,878.2608696,878.2608696,878.2608696,FALSE,0
1216,869.5652174,869.5652174,869.5652174,FALSE,0
1217,869.5652174,869.5652174,869.5652174,FALSE,0
1218,869.5652174,869.5652174,869.5652174,FALSE,0
1219,869.5652174,869.5652174,869.5652174,FALSE,0
1220,869.5652174,869.5652174,869.5652174,FALSE,0
1221,869.5652174,869.5652174,869.5652174,FALSE,0
1222,913.0434783,913.0434783,913.0434783,FALSE,0
1223,913.0434783,913.0434783,913.0434783,FALSE,0
1224,913.0434783,913.0434783,913.0434783,FALSE,0
1225,869.5652174,869.5652174,869.5652174,FALSE,0
1226,904.3478261,904.3478261,904.3478261,FALSE,0
1227,904.3478261,904.3478261,904.3478261,FALSE,0
1228,913.0434783,913.0434783,913.0434783,FALSE,0
1229,904.3478261,904.3478261,904.3478261,FALSE,0
1230,860.8695652,860.8695652,860.8695652,FALSE,0
1231,913.0434783,913.0434783,913.0434783,FALSE,0
1232,860.8695652,860.8695652,860.8695652,FALSE,0
1233,860.8695652,860.8695652,860.8695652,FALSE,0
1234,826.0869565,826.0869565,826.0869565,FALSE,0
1235,826.0869565,826.0869565,826.0869565,FALSE,0
1236,817.3913043,817.3913043,817.3913043,FALSE,0
1237,817.3913043,817.3913043,817.3913043,FALSE,0
1238,817.3913043,817.3913043,817.3913043,FALSE,0
1239,808.6956522,808.6956522,808.6956522,FALSE,0
1240,808.6956522,808.6956522,808.6956522,FALSE,0
1241,808.6956522,808.6956522,808.6956522,FALSE,0
1242,808.6956522,808.6956522,808.6956522,FALSE,0
1243,808.6956522,808.6956522,808.6956522,FALSE,0
1244,808.6956522,808.6956522,808.6956522,FALSE,0
1245,800,800,800,FALSE,0
1246,800,800,800,FALSE,0
1247,800,800,800,FALSE,0
1248,800,800,800,FALSE,0
1249,800,800,800,FALSE,0
1250,800,800,800,FALSE,0
1251,800,800,800,FALSE,0
1252,800,800,800,FALSE,0
1253,808.6956522,808.6956522,808.6956522,FALSE,0
1254,808.6956522,808.6956522,808.6956522,FALSE,0
1255,800,800,800,FALSE,0
1256,800,800,800,FALSE,0
1257,800,800,800,FALSE,0
1258,756.5217391,756.5217391,756.5217391,FALSE,0
1259,782.6086957,782.6086957,782.6086957,FALSE,0
1260,747.826087,747.826087,747.826087,FALSE,0
1261,747.826087,747.826087,747.826087,FALSE,0
1262,739.1304348,739.1304348,739.1304348,FALSE,0
1263,739.1304348,739.1304348,739.1304348,FALSE,0
1264,739.1304348,739.1304348,739.1304348,FALSE,0
1265,739.1304348,739.1304348,739.1304348,FALSE,0
1266,730.4347826,730.4347826,730.4347826,FALSE,0
1267,765.2173913,765.2173913,765.2173913,FALSE,0
1268,765.2173913,765.2173913,765.2173913,FALSE,0
1269,773.9130435,773.9130435,773.9130435,FALSE,0
1270,765.2173913,765.2173913,765.2173913,FALSE,0
1271,765.2173913,765.2173913,765.2173913,FALSE,0
1272,756.5217391,756.5217391,756.5217391,FALSE,0
1273,756.5217391,756.5217391,756.5217391,FALSE,0
1274,756.5217391,756.5217391,756.5217391,FALSE,0
1275,756.5217391,756.5217391,756.5217391,FALSE,0
1276,756.5217391,756.5217391,756.5217391,FALSE,0
1277,765.2173913,765.2173913,765.2173913,FALSE,0
1278,756.5217391,756.5217391,756.5217391,FALSE,0
1279,747.826087,747.826087,747.826087,FALSE,0
1280,756.5217391,756.5217391,756.5217391,FALSE,0
1281,756.5217391,756.5217391,756.5217391,FALSE,0
1282,747.826087,747.826087,747.826087,FALSE,0
1283,704.3478261,704.3478261,704.3478261,FALSE,0
1284,747.826087,747.826087,747.826087,FALSE,0
1285,756.5217391,756.5217391,756.5217391,FALSE,0
1286,747.826087,747.826087,747.826087,FALSE,0
1287,713.0434783,713.0434783,713.0434783,FALSE,0
1288,739.1304348,739.1304348,739.1304348,FALSE,0
1289,739.1304348,739.1304348,739.1304348,FALSE,0
1290,730.4347826,730.4347826,730.4347826,FALSE,0
1291,713.0434783,713.0434783,713.0434783,FALSE,0
1292,695.6521739,695.6521739,695.6521739,FALSE,0
1293,730.4347826,730.4347826,730.4347826,FALSE,0
1294,721.7391304,721.7391304,721.7391304,FALSE,0
1295,721.7391304,721.7391304,721.7391304,FALSE,0
1296,730.4347826,730.4347826,730.4347826,FALSE,0
1297,721.7391304,721.7391304,721.7391304,FALSE,0
1298,721.7391304,721.7391304,721.7391304,FALSE,0
1299,721.7391304,721.7391304,721.7391304,FALSE,0
1300,721.7391304,721.7391304,721.7391304,FALSE,0
1301,721.7391304,721.7391304,721.7391304,FALSE,0
1302,721.7391304,721.7391304,721.7391304,FALSE,0
1303,721.7391304,721.7391304,721.7391304,FALSE,0
1304,721.7391304,721.7391304,721.7391304,FALSE,0
1305,721.7391304,721.7391304,721.7391304,FALSE,0
1306,686.9565217,686.9565217,686.9565217,FALSE,0
1307,669.5652174,669.5652174,669.5652174,FALSE,0
1308,695.6521739,695.6521739,695.6521739,FALSE,0
1309,713.0434783,713.0434783,713.0434783,FALSE,0
1310,695.6521739,695.6521739,695.6521739,FALSE,0
1311,669.5652174,669.5652174,669.5652174,FALSE,0
1312,704.3478261,704.3478261,704.3478261,FALSE,0
1313,695.6521739,695.6521739,695.6521739,FALSE,0
1314,695.6521739,695.6521739,695.6521739,FALSE,0
1315,695.6521739,695.6521739,695.6521739,FALSE,0
1316,678.2608696,678.2608696,678.2608696,FALSE,0
1317,695.6521739,695.6521739,695.6521739,FALSE,0
1318,686.9565217,686.9565217,686.9565217,FALSE,0
1319,695.6521739,695.6521739,695.6521739,FALSE,0
1320,686.9565217,686.9565217,686.9565217,FALSE,0
1321,686.9565217,686.9565217,686.9565217,FALSE,0
1322,686.9565217,686.9565217,686.9565217,FALSE,0
1323,686.9565217,686.9565217,686.9565217,FALSE,0
1324,695.6521739,695.6521739,695.6521739,FALSE,0
1325,695.6521739,695.6521739,695.6521739,FALSE,0
1326,695.6521739,695.6521739,695.6521739,FALSE,0
1327,686.9565217,686.9565217,686.9565217,FALSE,0
1328,686.9565217,686.9565217,686.9565217,FALSE,0
1329,669.5652174,669.5652174,669.5652174,FALSE,0
1330,643.4782609,643.4782609,643.4782609,FALSE,0
1331,643.4782609,643.4782609,643.4782609,FALSE,0
1332,634.7826087,634.7826087,634.7826087,FALSE,0
1333,678.2608696,678.2608696,678.2608696,FALSE,0
1334,669.5652174,669.5652174,669.5652174,FALSE,0
1335,669.5652174,669.5652174,669.5652174,FALSE,0
1336,634.7826087,634.7826087,634.7826087,FALSE,0
1337,660.8695652,660.8695652,660.8695652,FALSE,0
1338,660.8695652,660.8695652,660.8695652,FALSE,0
1339,660.8695652,660.8695652,660.8695652,FALSE,0
1340,660.8695652,660.8695652,660.8695652,FALSE,0
1341,652.173913,652.173913,652.173913,FALSE,0
1342,652.173913,652.173913,652.173913,FALSE,0
1343,652.173913,652.173913,652.173913,FALSE,0
1344,652.173913,652.173913,652.173913,FALSE,0
1345,652.173913,652.173913,652.173913,FALSE,0
1346,660.8695652,660.8695652,660.8695652,FALSE,0
1347,652.173913,652.173913,652.173913,FALSE,0
1348,652.173913,652.173913,652.173913,FALSE,0
1349,652.173913,652.173913,652.173913,FALSE,0
1350,652.173913,652.173913,652.173913,FALSE,0
1351,652.173913,652.173913,652.173913,FALSE,0
1352,643.4782609,643.4782609,643.4782609,FALSE,0
1353,617.3913043,617.3913043,617.3913043,FALSE,0
1354,643.4782609,643.4782609,643.4782609,FALSE,0
1355,617.3913043,617.3913043,617.3913043,FALSE,0
1356,643.4782609,643.4782609,643.4782609,FALSE,0
1357,634.7826087,634.7826087,634.7826087,FALSE,0
1358,634.7826087,634.7826087,634.7826087,FALSE,0
1359,626.0869565,626.0869565,626.0869565,FALSE,0
1360,626.0869565,626.0869565,626.0869565,FALSE,0
1361,626.0869565,626.0869565,626.0869565,FALSE,0
1362,617.3913043,617.3913043,617.3913043,FALSE,0
1363,617.3913043,617.3913043,617.3913043,FALSE,0
1364,617.3913043,617.3913043,617.3913043,FALSE,0
1365,617.3913043,617.3913043,617.3913043,FALSE,0
1366,617.3913043,617.3913043,617.3913043,FALSE,0
1367,608.6956522,608.6956522,608.6956522,FALSE,0
1368,608.6956522,608.6956522,608.6956522,FALSE,0
1369,608.6956522,608.6956522,608.6956522,FALSE,0
1370,617.3913043,617.3913043,617.3913043,FALSE,0
1371,617.3913043,617.3913043,617.3913043,FALSE,0
1372,617.3913043,617.3913043,617.3913043,FALSE,0
1373,617.3913043,617.3913043,617.3913043,FALSE,0
1374,617.3913043,617.3913043,617.3913043,FALSE,0
1375,626.0869565,626.0869565,626.0869565,FALSE,0
1376,608.6956522,608.6956522,608.6956522,FALSE,0
1377,617.3913043,617.3913043,617.3913043,FALSE,0
1378,608.6956522,608.6956522,608.6956522,FALSE,0
1379,600,600,600,FALSE,0
1380,608.6956522,608.6956522,608.6956522,FALSE,0
1381,600,600,600,FALSE,0
1382,591.3043478,591.3043478,591.3043478,FALSE,0
1383,591.3043478,591.3043478,591.3043478,FALSE,0
1384,591.3043478,591.3043478,591.3043478,FALSE,0
1385,582.6086957,582.6086957,582.6086957,FALSE,0
1386,582.6086957,582.6086957,582.6086957,FALSE,0
1387,582.6086957,582.6086957,582.6086957,FALSE,0
1388,582.6086957,582.6086957,582.6086957,FALSE,0
1389,582.6086957,582.6086957,582.6086957,FALSE,0
1390,573.9130435,573.9130435,573.9130435,FALSE,0
1391,573.9130435,573.9130435,573.9130435,FALSE,0
1392,582.6086957,582.6086957,582.6086957,FALSE,0
1393,573.9130435,573.9130435,573.9130435,FALSE,0
1394,573.9130435,573.9130435,573.9130435,FALSE,0
1395,573.9130435,573.9130435,573.9130435,FALSE,0
1396,591.3043478,591.3043478,591.3043478,FALSE,0
1397,573.9130435,573.9130435,573.9130435,FALSE,0
1398,573.9130435,573.9130435,573.9130435,FALSE,0
1399,573.9130435,573.9130435,573.9130435,FALSE,0
1400,573.9130435,573.9130435,573.9130435,FALSE,0
1401,565.2173913,565.2173913,565.2173913,FALSE,0
1402,565.2173913,565.2173913,565.2173913,FALSE,0
1403,565.2173913,565.2173913,565.2173913,FALSE,0
1404,565.2173913,565.2173913,565.2173913,FALSE,0
1405,556.5217391,556.5217391,556.5217391,FALSE,0
1406,565.2173913,565.2173913,565.2173913,FALSE,0
1407,556.5217391,556.5217391,556.5217391,FALSE,0
1408,547.826087,547.826087,547.826087,FALSE,0
1409,547.826087,547.826087,547.826087,FALSE,0
1410,547.826087,547.826087,547.826087,FALSE,0
1411,547.826087,547.826087,547.826087,FALSE,0
1412,547.826087,547.826087,547.826087,FALSE,0
1413,539.1304348,539.1304348,539.1304348,FALSE,0
1414,539.1304348,539.1304348,539.1304348,FALSE,0
1415,539.1304348,539.1304348,539.1304348,FALSE,0
1416,547.826087,547.826087,547.826087,FALSE,0
1417,539.1304348,539.1304348,539.1304348,FALSE,0
1418,556.5217391,556.5217391,556.5217391,FALSE,0
1419,547.826087,547.826087,547.826087,FALSE,0
1420,547.826087,547.826087,547.826087,FALSE,0
1421,547.826087,547.826087,547.826087,FALSE,0
1422,530.4347826,530.4347826,530.4347826,FALSE,0
1423,556.5217391,556.5217391,556.5217391,FALSE,0
1424,539.1304348,539.1304348,539.1304348,FALSE,0
1425,539.1304348,539.1304348,539.1304348,FALSE,0
1426,539.1304348,539.1304348,539.1304348,FALSE,0
1427,530.4347826,530.4347826,530.4347826,FALSE,0
1428,530.4347826,530.4347826,530.4347826,FALSE,0
1429,530.4347826,530.4347826,530.4347826,FALSE,0
1430,521.7391304,521.7391304,521.7391304,FALSE,0
1431,521.7391304,521.7391304,521.7391304,FALSE,0
1432,521.7391304,521.7391304,521.7391304,FALSE,0
1433,513.0434783,513.0434783,513.0434783,FALSE,0
1434,513.0434783,513.0434783,513.0434783,FALSE,0
1435,513.0434783,513.0434783,513.0434783,FALSE,0
1436,513.0434783,513.0434783,513.0434783,FALSE,0
1437,513.0434783,513.0434783,513.0434783,FALSE,0
1438,504.3478261,504.3478261,504.3478261,FALSE,0
1439,504.3478261,504.3478261,504.3478261,FALSE,0
1440,504.3478261,504.3478261,504.3478261,FALSE,0
1441,513.0434783,513.0434783,513.0434783,FALSE,0
1442,513.0434783,513.0434783,513.0434783,FALSE,0
1443,513.0434783,513.0434783,513.0434783,FALSE,0
1444,513.0434783,513.0434783,513.0434783,FALSE,0
1445,513.0434783,513.0434783,513.0434783,FALSE,0
1446,521.7391304,521.7391304,521.7391304,FALSE,0
1447,513.0434783,513.0434783,513.0434783,FALSE,0
1448,504.3478261,504.3478261,504.3478261,FALSE,0
1449,513.0434783,513.0434783,513.0434783,FALSE,0
1450,504.3478261,504.3478261,504.3478261,FALSE,0
1451,504.3478261,504.3478261,504.3478261,FALSE,0
1452,495.6521739,495.6521739,495.6521739,FALSE,0
1453,495.6521739,495.6521739,495.6521739,FALSE,0
1454,495.6521739,495.6521739,495.6521739,FALSE,0
1455,486.9565217,486.9565217,486.9565217,FALSE,0
1456,486.9565217,486.9565217,486.9565217,FALSE,0
1457,486.9565217,486.9565217,486.9565217,FALSE,0
1458,486.9565217,486.9565217,486.9565217,FALSE,0
1459,478.2608696,478.2608696,478.2608696,FALSE,0
1460,478.2608696,478.2608696,478.2608696,FALSE,0
1461,478.2608696,478.2608696,478.2608696,FALSE,0
1462,469.5652174,469.5652174,469.5652174,FALSE,0
1463,478.2608696,478.2608696,478.2608696,FALSE,0
1464,478.2608696,478.2608696,478.2608696,FALSE,0
1465,478.2608696,478.2608696,478.2608696,FALSE,0
1466,478.2608696,478.2608696,478.2608696,FALSE,0
1467,478.2608696,478.2608696,478.2608696,FALSE,0
1468,478.2608696,478.2608696,478.2608696,FALSE,0
1469,478.2608696,478.2608696,478.2608696,FALSE,0
1470,486.9565217,486.9565217,486.9565217,FALSE,0
1471,478.2608696,478.2608696,478.2608696,FALSE,0
1472,469.5652174,469.5652174,469.5652174,FALSE,0
1473,469.5652174,469.5652174,469.5652174,FALSE,0
1474,469.5652174,469.5652174,469.5652174,FALSE,0
1475,469.5652174,469.5652174,469.5652174,FALSE,0
1476,460.8695652,460.8695652,460.8695652,FALSE,0
1477,460.8695652,460.8695652,460.8695652,FALSE,0
1478,460.8695652,460.8695652,460.8695652,FALSE,0
1479,460.8695652,460.8695652,460.8695652,FALSE,0
1480,460.8695652,460.8695652,460.8695652,FALSE,0
1481,452.173913,452.173913,452.173913,FALSE,0
1482,452.173913,452.173913,452.173913,FALSE,0
1483,452.173913,452.173913,452.173913,FALSE,0
1484,443.4782609,443.4782609,443.4782609,FALSE,0
1485,443.4782609,443.4782609,443.4782609,FALSE,0
1486,443.4782609,443.4782609,443.4782609,FALSE,0
1487,443.4782609,443.4782609,443.4782609,FALSE,0
1488,443.4782609,443.4782609,443.4782609,FALSE,0
1489,452.173913,452.173913,452.173913,FALSE,0
1490,452.173913,452.173913,452.173913,FALSE,0
1491,452.173913,452.173913,452.173913,FALSE,0
1492,452.173913,452.173913,452.173913,FALSE,0
1493,452.173913,452.173913,452.173913,FALSE,0
1494,452.173913,452.173913,452.173913,FALSE,0
1495,452.173913,452.173913,452.173913,FALSE,0
1496,443.4782609,443.4782609,443.4782609,FALSE,0
1497,443.4782609,443.4782609,443.4782609,FALSE,0
1498,443.4782609,443.4782609,443.4782609,FALSE,0
1499,443.4782609,443.4782609,443.4782609,FALSE,0
1500,434.7826087,434.7826087,434.7826087,FALSE,0
1501,434.7826087,434.7826087,434.7826087,FALSE,0
1502,434.7826087,434.7826087,434.7826087,FALSE,0
1503,426.0869565,426.0869565,426.0869565,FALSE,0
1504,426.0869565,426.0869565,426.0869565,FALSE,0
1505,426.0869565,426.0869565,426.0869565,FALSE,0
1506,426.0869565,426.0869565,426.0869565,FALSE,0
1507,426.0869565,426.0869565,426.0869565,FALSE,0
1508,417.3913043,417.3913043,417.3913043,FALSE,0
1509,417.3913043,417.3913043,417.3913043,FALSE,0
1510,417.3913043,417.3913043,417.3913043,FALSE,0
1511,417.3913043,417.3913043,417.3913043,FALSE,0
1512,426.0869565,426.0869565,426.0869565,FALSE,0
1513,417.3913043,417.3913043,417.3913043,FALSE,0
1514,417.3913043,417.3913043,417.3913043,FALSE,0
1515,417.3913043,417.3913043,417.3913043,FALSE,0
1516,426.0869565,426.0869565,426.0869565,FALSE,0
1517,426.0869565,426.0869565,426.0869565,FALSE,0
1518,426.0869565,426.0869565,426.0869565,FALSE,0
1519,434.7826087,434.7826087,434.7826087,FALSE,0
1520,417.3913043,417.3913043,417.3913043,FALSE,0
1521,417.3913043,417.3913043,417.3913043,FALSE,0
1522,417.3913043,417.3913043,417.3913043,FALSE,0
1523,417.3913043,417.3913043,417.3913043,FALSE,0
1524,417.3913043,417.3913043,417.3913043,FALSE,0
1525,408.6956522,408.6956522,408.6956522,FALSE,0
1526,408.6956522,408.6956522,408.6956522,FALSE,0
1527,408.6956522,408.6956522,408.6956522,FALSE,0
1528,400,400,400,FALSE,0
1529,400,400,400,FALSE,0
1530,400,400,400,FALSE,0
1531,400,400,400,FALSE,0
